{"cameraMode":{"drawMode":0,"name":"Shaded","section":"Shading Mode"},"sceneLighting":false,"audioPlay":false,"sceneViewState":{"showFog":true,"showMaterialUpdate":false,"showSkybox":false,"showFlares":true,"showImageEffects":true,"showParticleSystems":true},"in2DMode":false,"pivot":{"x":0.2986125349998474,"y":-0.5555856823921204,"z":-2.9802322387695315e-8},"rotation":{"x":0.06295808404684067,"y":-0.002994042355567217,"z":0.00018886898760683835,"w":0.9980126023292542},"size":1.6166635751724244,"orthographic":true}