{"cameraMode":{"drawMode":0,"name":"Shaded","section":"Shading Mode"},"sceneLighting":false,"audioPlay":false,"sceneViewState":{"showFog":true,"showMaterialUpdate":false,"showSkybox":false,"showFlares":true,"showImageEffects":true,"showParticleSystems":true},"in2DMode":false,"pivot":{"x":0.0820000022649765,"y":0.546999990940094,"z":1.2269999980926514},"rotation":{"x":0.02790609374642372,"y":-0.0009041257435455918,"z":0.00002542076981626451,"w":0.9996112585067749},"size":1.5684549808502198,"orthographic":false}